{
	"IcoMoonType": "selection",
	"icons": [
		{
			"icon": {
				"paths": [
					"M256 256q0-30.286-21.429-51.714t-51.714-21.429-51.714 21.429-21.429 51.714 21.429 51.714 51.714 21.429 51.714-21.429 21.429-51.714zM865.714 585.143q0 30.286-21.143 51.429l-280.571 281.143q-22.286 21.143-52 21.143-30.286 0-51.429-21.143l-408.571-409.143q-21.714-21.143-36.857-57.714t-15.143-66.857v-237.714q0-29.714 21.714-51.429t51.429-21.714h237.714q30.286 0 66.857 15.143t58.286 36.857l408.571 408q21.143 22.286 21.143 52z"
				],
				"width": 865.7139930725098,
				"attrs": [],
				"isMulticolor": false,
				"tags": [
					"tag"
				],
				"defaultCode": 61483,
				"grid": 14
			},
			"attrs": [],
			"properties": {
				"id": 40,
				"order": 1,
				"name": "tag",
				"prevSize": 28,
				"code": 61483
			},
			"setIdx": 0,
			"setId": 1,
			"iconIdx": 40
		},
		{
			"icon": {
				"paths": [
					"M256 256q0-30.286-21.429-51.714t-51.714-21.429-51.714 21.429-21.429 51.714 21.429 51.714 51.714 21.429 51.714-21.429 21.429-51.714zM865.714 585.143q0 30.286-21.143 51.429l-280.571 281.143q-22.286 21.143-52 21.143-30.286 0-51.429-21.143l-408.571-409.143q-21.714-21.143-36.857-57.714t-15.143-66.857v-237.714q0-29.714 21.714-51.429t51.429-21.714h237.714q30.286 0 66.857 15.143t58.286 36.857l408.571 408q21.143 22.286 21.143 52zM1085.143 585.143q0 30.286-21.143 51.429l-280.571 281.143q-22.286 21.143-52 21.143-20.571 0-33.714-8t-30.286-25.714l268.571-268.571q21.143-21.143 21.143-51.429 0-29.714-21.143-52l-408.571-408q-21.714-21.714-58.286-36.857t-66.857-15.143h128q30.286 0 66.857 15.143t58.286 36.857l408.571 408q21.143 22.286 21.143 52z"
				],
				"width": 1085.1428871154785,
				"attrs": [],
				"isMulticolor": false,
				"tags": [
					"tags"
				],
				"defaultCode": 61484,
				"grid": 14
			},
			"attrs": [],
			"properties": {
				"id": 41,
				"order": 2,
				"name": "tags",
				"prevSize": 28,
				"code": 61484
			},
			"setIdx": 0,
			"setId": 1,
			"iconIdx": 41
		},
		{
			"icon": {
				"paths": [
					"M73.143 950.857h164.571v-164.571h-164.571v164.571zM274.286 950.857h182.857v-164.571h-182.857v164.571zM73.143 749.714h164.571v-182.857h-164.571v182.857zM274.286 749.714h182.857v-182.857h-182.857v182.857zM73.143 530.286h164.571v-164.571h-164.571v164.571zM493.714 950.857h182.857v-164.571h-182.857v164.571zM274.286 530.286h182.857v-164.571h-182.857v164.571zM713.143 950.857h164.571v-164.571h-164.571v164.571zM493.714 749.714h182.857v-182.857h-182.857v182.857zM292.571 256v-164.571q0-7.429-5.429-12.857t-12.857-5.429h-36.571q-7.429 0-12.857 5.429t-5.429 12.857v164.571q0 7.429 5.429 12.857t12.857 5.429h36.571q7.429 0 12.857-5.429t5.429-12.857zM713.143 749.714h164.571v-182.857h-164.571v182.857zM493.714 530.286h182.857v-164.571h-182.857v164.571zM713.143 530.286h164.571v-164.571h-164.571v164.571zM731.429 256v-164.571q0-7.429-5.429-12.857t-12.857-5.429h-36.571q-7.429 0-12.857 5.429t-5.429 12.857v164.571q0 7.429 5.429 12.857t12.857 5.429h36.571q7.429 0 12.857-5.429t5.429-12.857zM950.857 219.429v731.429q0 29.714-21.714 51.429t-51.429 21.714h-804.571q-29.714 0-51.429-21.714t-21.714-51.429v-731.429q0-29.714 21.714-51.429t51.429-21.714h73.143v-54.857q0-37.714 26.857-64.571t64.571-26.857h36.571q37.714 0 64.571 26.857t26.857 64.571v54.857h219.429v-54.857q0-37.714 26.857-64.571t64.571-26.857h36.571q37.714 0 64.571 26.857t26.857 64.571v54.857h73.143q29.714 0 51.429 21.714t21.714 51.429z"
				],
				"width": 950.8564020792255,
				"attrs": [],
				"isMulticolor": false,
				"tags": [
					"calendar"
				],
				"defaultCode": 61555,
				"grid": 14
			},
			"attrs": [],
			"properties": {
				"id": 108,
				"order": 3,
				"name": "calendar",
				"prevSize": 28,
				"code": 61555
			},
			"setIdx": 0,
			"setId": 1,
			"iconIdx": 108
		},
		{
			"icon": {
				"paths": [
					"M925.714 233.143q-38.286 56-92.571 95.429 0.571 8 0.571 24 0 74.286-21.714 148.286t-66 142-105.429 120.286-147.429 83.429-184.571 31.143q-154.857 0-283.429-82.857 20 2.286 44.571 2.286 128.571 0 229.143-78.857-60-1.143-107.429-36.857t-65.143-91.143q18.857 2.857 34.857 2.857 24.571 0 48.571-6.286-64-13.143-106-63.714t-42-117.429v-2.286q38.857 21.714 83.429 23.429-37.714-25.143-60-65.714t-22.286-88q0-50.286 25.143-93.143 69.143 85.143 168.286 136.286t212.286 56.857q-4.571-21.714-4.571-42.286 0-76.571 54-130.571t130.571-54q80 0 134.857 58.286 62.286-12 117.143-44.571-21.143 65.714-81.143 101.714 53.143-5.714 106.286-28.571z"
				],
				"width": 950.8560180664062,
				"attrs": [],
				"isMulticolor": false,
				"tags": [
					"twitter"
				],
				"defaultCode": 61593,
				"grid": 14
			},
			"attrs": [],
			"properties": {
				"id": 144,
				"order": 5,
				"name": "twitter",
				"prevSize": 28,
				"code": 61593
			},
			"setIdx": 0,
			"setId": 1,
			"iconIdx": 144
		},
		{
			"icon": {
				"paths": [
					"M877.714 512q0 143.429-83.714 258t-216.286 158.571q-15.429 2.857-22.571-4t-7.143-17.143v-120.571q0-55.429-29.714-81.143 32.571-3.429 58.571-10.286t53.714-22.286 46.286-38 30.286-60 11.714-86q0-69.143-45.143-117.714 21.143-52-4.571-116.571-16-5.143-46.286 6.286t-52.571 25.143l-21.714 13.714q-53.143-14.857-109.714-14.857t-109.714 14.857q-9.143-6.286-24.286-15.429t-47.714-22-49.143-7.714q-25.143 64.571-4 116.571-45.143 48.571-45.143 117.714 0 48.571 11.714 85.714t30 60 46 38.286 53.714 22.286 58.571 10.286q-22.857 20.571-28 58.857-12 5.714-25.714 8.571t-32.571 2.857-37.429-12.286-31.714-35.714q-10.857-18.286-27.714-29.714t-28.286-13.714l-11.429-1.714q-12 0-16.571 2.571t-2.857 6.571 5.143 8 7.429 6.857l4 2.857q12.571 5.714 24.857 21.714t18 29.143l5.714 13.143q7.429 21.714 25.143 35.143t38.286 17.143 39.714 4 31.714-2l13.143-2.286q0 21.714 0.286 50.857t0.286 30.857q0 10.286-7.429 17.143t-22.857 4q-132.571-44-216.286-158.571t-83.714-258q0-119.429 58.857-220.286t159.714-159.714 220.286-58.857 220.286 58.857 159.714 159.714 58.857 220.286z"
				],
				"width": 877.7155405680533,
				"attrs": [],
				"isMulticolor": false,
				"tags": [
					"github"
				],
				"defaultCode": 61595,
				"grid": 14
			},
			"attrs": [],
			"properties": {
				"id": 146,
				"order": 4,
				"name": "github",
				"prevSize": 28,
				"code": 61595
			},
			"setIdx": 0,
			"setId": 1,
			"iconIdx": 146
		},
		{
			"icon": {
				"paths": [
					"M219.429 768q0 45.714-32 77.714t-77.714 32-77.714-32-32-77.714 32-77.714 77.714-32 77.714 32 32 77.714zM512 838.286q1.143 16-9.714 27.429-10.286 12-26.857 12h-77.143q-14.286 0-24.571-9.429t-11.429-23.714q-12.571-130.857-105.429-223.714t-223.714-105.429q-14.286-1.143-23.714-11.429t-9.429-24.571v-77.143q0-16.571 12-26.857 9.714-9.714 24.571-9.714h2.857q91.429 7.429 174.857 46t148 103.714q65.143 64.571 103.714 148t46 174.857zM804.571 839.429q1.143 15.429-10.286 26.857-10.286 11.429-26.286 11.429h-81.714q-14.857 0-25.429-10t-11.143-24.286q-6.857-122.857-57.714-233.429t-132.286-192-192-132.286-233.429-58.286q-14.286-0.571-24.286-11.143t-10-24.857v-81.714q0-16 11.429-26.286 10.286-10.286 25.143-10.286h1.714q149.714 7.429 286.571 68.571t243.143 168q106.857 106.286 168 243.143t68.571 286.571z"
				],
				"width": 805.3309860229492,
				"attrs": [],
				"isMulticolor": false,
				"tags": [
					"feed",
					"rss"
				],
				"defaultCode": 61598,
				"grid": 14
			},
			"attrs": [],
			"properties": {
				"id": 149,
				"order": 8,
				"name": "feed, rss",
				"prevSize": 28,
				"code": 61598
			},
			"setIdx": 0,
			"setId": 1,
			"iconIdx": 149
		},
		{
			"icon": {
				"paths": [
					"M199.429 357.143v566.286h-188.571v-566.286h188.571zM211.429 182.286q0.571 41.714-28.857 69.714t-77.429 28h-1.143q-46.857 0-75.429-28t-28.571-69.714q0-42.286 29.429-70t76.857-27.714 76 27.714 29.143 70zM877.714 598.857v324.571h-188v-302.857q0-60-23.143-94t-72.286-34q-36 0-60.286 19.714t-36.286 48.857q-6.286 17.143-6.286 46.286v316h-188q1.143-228 1.143-369.714t-0.571-169.143l-0.571-27.429h188v82.286h-1.143q11.429-18.286 23.429-32t32.286-29.714 49.714-24.857 65.429-8.857q97.714 0 157.143 64.857t59.429 190z"
				],
				"width": 877.7143758137245,